{"_last_id": 0, "0": {"model": "Here will be ML model.", "contacts_dict": {"\u0158eho\u0159 Pe\u0159\u00ed\u0161ek": [0], "\u0158eho\u0159": [0], "Pe\u0159\u00ed\u0161ek": [0], "\u0158epa": [0], "Petr Svoboda": [1], "Pe\u0165a": [1], "Petr": [1, 4], "Svoboda": [1], "Petru": [1, 4], "Petrovi": [1, 4], "Svobodovi": [1], "Marie Dvo\u0159\u00e1kov\u00e1": [2], "M\u00e1\u0148a": [2], "Marie": [2], "Dvo\u0159\u00e1kov\u00e1": [2], "Ji\u0159\u00ed Novotn\u00fd": [3], "Jirka": [3], "Ji\u0159\u00ed": [3], "Novotn\u00fd": [3], "Petr Nosek": [4], "Nosek": [4], "Noskovi": [4], "Jan Nov\u00e1k": [5], "Honza": [5], "Jenda": [5], "Jan": [5], "Nov\u00e1k": [5], "Jana \u010cern\u00e1": [6], "Jana": [6], "\u010cern\u00e1": [6], "Karol\u00edna Machov\u00e1": [7], "K\u00e1ja": [7], "Karol\u00edna": [7], "Machov\u00e1": [7]}, "contacts_list": ["\u0158eho\u0159 Pe\u0159\u00ed\u0161ek", "Petr Svoboda", "Marie Dvo\u0159\u00e1kov\u00e1", "Ji\u0159\u00ed Novotn\u00fd", "Petr Nosek", "Jan Nov\u00e1k", "Jana \u010cern\u00e1", "Karol\u00edna Machov\u00e1"]}}